{
  "exportedAt": "2026-03-09T19:38:29.986Z",
  "interrupted": false,
  "generations": 80,
  "targetGenerations": 80,
  "populationSize": 30,
  "gamesPerMatchup": 60,
  "playersPerGame": 3,
  "maxCards": 5,
  "bestPopWinRate": 0.5897435897435898,
  "bestWinRate": 0.5407920227920228,
  "totalGames": 2065740,
  "durationMs": 440703.980658,
  "config": {
    "bluffFrequency": 0.12777280025847979,
    "aggressionBias": 0.8897743731355097,
    "bluffPlausibilityGate": 0.41452563936957637,
    "bullThreshold": 0,
    "trustMultiplier": 0.17518546018643325,
    "noiseBand": 0.14395498977241344,
    "riskTolerance": 0.17025245644724127,
    "lastChanceBluffRate": 0.9865274231548737,
    "bullPhaseRaiseRate": 0.8255841266343338,
    "openingBluffRate": 0.779072519584089
  },
  "origin": "mutant-of-cross-1881",
  "bestBenchWinRate": 0.5133333333333333,
  "hofSize": 20,
  "bestProfileWinRate": 0.5648148148148148,
  "hallOfFame": [
    {
      "id": "hof-2396",
      "config": {
        "bluffFrequency": 1.1602048884679224,
        "aggressionBias": 0.48243295610640197,
        "bluffPlausibilityGate": 0.6117912750958379,
        "bullThreshold": 0.3377758302164344,
        "trustMultiplier": 0,
        "noiseBand": 0.14330080533237638,
        "riskTolerance": 0.2549056986220007,
        "lastChanceBluffRate": 1,
        "bullPhaseRaiseRate": 0.9772683822333255,
        "openingBluffRate": 1
      },
      "origin": "mutant-of-cross-2349",
      "generation": 73
    },
    {
      "id": "hof-2397",
      "config": {
        "bluffFrequency": 1.0553789289143012,
        "aggressionBias": 0.5061211193786322,
        "bluffPlausibilityGate": 0.7051124577010408,
        "bullThreshold": 0.1941704114581155,
        "trustMultiplier": 0.3083968383272885,
        "noiseBand": 0.16346303007990162,
        "riskTolerance": 0.3641314393013474,
        "lastChanceBluffRate": 0.7681352311246171,
        "bullPhaseRaiseRate": 0.9491225923095106,
        "openingBluffRate": 0.7457427189411141
      },
      "origin": "mutant-of-child-2335",
      "generation": 73
    },
    {
      "id": "hof-2428",
      "config": {
        "bluffFrequency": 0.882023786121533,
        "aggressionBias": 1,
        "bluffPlausibilityGate": 0.44455271573615407,
        "bullThreshold": 0.00573192452461832,
        "trustMultiplier": 0.1377770670173995,
        "noiseBand": 0.1142544535660588,
        "riskTolerance": 0.20867115918573298,
        "lastChanceBluffRate": 0.9655383112284247,
        "bullPhaseRaiseRate": 0.9632297721856993,
        "openingBluffRate": 0.7448180950501035
      },
      "origin": "cross-child-2382-child-2391",
      "generation": 74
    },
    {
      "id": "hof-2429",
      "config": {
        "bluffFrequency": 0.9799752192438941,
        "aggressionBias": 0.9273803877702432,
        "bluffPlausibilityGate": 0.45720680998917324,
        "bullThreshold": 0.07105547470929852,
        "trustMultiplier": 0.17769418288205763,
        "noiseBand": 0.16442120856331913,
        "riskTolerance": 0.10252331121535987,
        "lastChanceBluffRate": 1,
        "bullPhaseRaiseRate": 0.7269316353936298,
        "openingBluffRate": 0.6695069152220976
      },
      "origin": "cross-child-2374-child-2391",
      "generation": 74
    },
    {
      "id": "hof-2430",
      "config": {
        "bluffFrequency": 1.3482138168399238,
        "aggressionBias": 0.419368541826297,
        "bluffPlausibilityGate": 0.5512848905536568,
        "bullThreshold": 0,
        "trustMultiplier": 0.33762547773965657,
        "noiseBand": 0.12749772987392854,
        "riskTolerance": 0.19724588066268461,
        "lastChanceBluffRate": 1,
        "bullPhaseRaiseRate": 1,
        "openingBluffRate": 1
      },
      "origin": "mutant-of-child-2382",
      "generation": 74
    },
    {
      "id": "hof-2461",
      "config": {
        "bluffFrequency": 1.139775539976397,
        "aggressionBias": 0.9616967126430797,
        "bluffPlausibilityGate": 0.48625686957852193,
        "bullThreshold": 0.13698693038125417,
        "trustMultiplier": 0.09636687033927446,
        "noiseBand": 0.15147431976549422,
        "riskTolerance": 0.04191532322206406,
        "lastChanceBluffRate": 0.951192523478298,
        "bullPhaseRaiseRate": 0.7759299829172644,
        "openingBluffRate": 0.798919116865812
      },
      "origin": "cross-elite-2398-child-2405",
      "generation": 75
    },
    {
      "id": "hof-2462",
      "config": {
        "bluffFrequency": 0.8502228041235994,
        "aggressionBias": 1,
        "bluffPlausibilityGate": 0.44455271573615407,
        "bullThreshold": 0.05407922366062463,
        "trustMultiplier": 0.3140647034596554,
        "noiseBand": 0.11494240355655638,
        "riskTolerance": 0.20867115918573298,
        "lastChanceBluffRate": 0.9655383112284247,
        "bullPhaseRaiseRate": 1,
        "openingBluffRate": 0.6624748817404222
      },
      "origin": "mutant-of-cross-2423",
      "generation": 75
    },
    {
      "id": "hof-2463",
      "config": {
        "bluffFrequency": 1.2585422202895193,
        "aggressionBias": 0.3541641191839487,
        "bluffPlausibilityGate": 0.5528959517591024,
        "bullThreshold": 0.07727566112085071,
        "trustMultiplier": 0.33762547773965657,
        "noiseBand": 0.14112554763862095,
        "riskTolerance": 0.23287764235078356,
        "lastChanceBluffRate": 0.9402739790687321,
        "bullPhaseRaiseRate": 1,
        "openingBluffRate": 0.9675660756025262
      },
      "origin": "mutant-of-child-2410",
      "generation": 75
    },
    {
      "id": "hof-2494",
      "config": {
        "bluffFrequency": 0.9309285680214562,
        "aggressionBias": 0.8308920793212705,
        "bluffPlausibilityGate": 0.45720680998917324,
        "bullThreshold": 0.07105547470929852,
        "trustMultiplier": 0.3616806297071844,
        "noiseBand": 0.17468192117464454,
        "riskTolerance": 0.1856645342633121,
        "lastChanceBluffRate": 1,
        "bullPhaseRaiseRate": 0.6979705310747528,
        "openingBluffRate": 0.6695069152220976
      },
      "origin": "mutant-of-elite-2432",
      "generation": 76
    },
    {
      "id": "hof-2495",
      "config": {
        "bluffFrequency": 0.9611350159677287,
        "aggressionBias": 1,
        "bluffPlausibilityGate": 0.24009094614871063,
        "bullThreshold": 0.12357543809933554,
        "trustMultiplier": 0.2900041146526434,
        "noiseBand": 0.12695763138760646,
        "riskTolerance": 0.28743864490724613,
        "lastChanceBluffRate": 1,
        "bullPhaseRaiseRate": 0.7030739092502296,
        "openingBluffRate": 0.7353496687827896
      },
      "origin": "mutant-of-child-2454",
      "generation": 76
    },
    {
      "id": "hof-2496",
      "config": {
        "bluffFrequency": 1.1127049594357412,
        "aggressionBias": 0.9959539864691662,
        "bluffPlausibilityGate": 0.3336678396200171,
        "bullThreshold": 0.15406757611519428,
        "trustMultiplier": 0.46421978570745137,
        "noiseBand": 0.10096596837943084,
        "riskTolerance": 0.28458692168571953,
        "lastChanceBluffRate": 1,
        "bullPhaseRaiseRate": 0.7857247701500718,
        "openingBluffRate": 0.7753740684965004
      },
      "origin": "mutant-of-child-2454",
      "generation": 76
    },
    {
      "id": "hof-2527",
      "config": {
        "bluffFrequency": 0.9124246554383197,
        "aggressionBias": 0.9506540347381289,
        "bluffPlausibilityGate": 0.5222777023422815,
        "bullThreshold": 0.10556750347811554,
        "trustMultiplier": 0.4055908110280524,
        "noiseBand": 0.1541800794522165,
        "riskTolerance": 0.29635568523693046,
        "lastChanceBluffRate": 1,
        "bullPhaseRaiseRate": 1,
        "openingBluffRate": 0.6736419491226738
      },
      "origin": "cross-child-2469-child-2473",
      "generation": 77
    },
    {
      "id": "hof-2528",
      "config": {
        "bluffFrequency": 1.2786906621089538,