{
  "exportedAt": "2026-03-10T10:58:50.408Z",
  "interrupted": false,
  "generations": 150,
  "targetGenerations": 150,
  "populationSize": 40,
  "gamesPerMatchup": 100,
  "playersPerGame": 6,
  "maxCards": 5,
  "bestPopWinRate": 0.2604166666666667,
  "bestWinRate": 0.4895357605177993,
  "totalGames": 8636950,
  "durationMs": 2048081.838036,
  "config": {
    "bluffFrequency": 0.5188946779573113,
    "aggressionBias": 0.9895536947861023,
    "bluffPlausibilityGate": 0.4822315578061067,
    "bullThreshold": 0.524453499940209,
    "trustMultiplier": 0.6476457829770094,
    "noiseBand": 0.10977797167849891,
    "riskTolerance": 0.5779945658296213,
    "lastChanceBluffRate": 0.9366087801932658,
    "bullPhaseRaiseRate": 0.9828316261051149,
    "openingBluffRate": 0.022936490970836436
  },
  "origin": "mutant-of-child-1289",
  "bestBenchWinRate": 0.511,
  "hofSize": 20,
  "bestProfileWinRate": 0.5011111111111111,
  "hallOfFame": [
    {
      "id": "hof-6166",
      "config": {
        "bluffFrequency": 0.966813553750947,
        "aggressionBias": 0.6258426005796323,
        "bluffPlausibilityGate": 0.7003839567487573,
        "bullThreshold": 0.14201498283317737,
        "trustMultiplier": 1.6451005626268371,
        "noiseBand": 0.11164174529851004,
        "riskTolerance": 0.8187522678484644,
        "lastChanceBluffRate": 0.5018329113891571,
        "bullPhaseRaiseRate": 0.9770332810240457,
        "openingBluffRate": 0.16500427005030513
      },
      "origin": "mutant-of-cross-6110",
      "generation": 144
    },
    {
      "id": "hof-6167",
      "config": {
        "bluffFrequency": 0.7024364786583381,
        "aggressionBias": 0.579232303200895,
        "bluffPlausibilityGate": 0.6045530565690793,
        "bullThreshold": 0.08811849834801046,
        "trustMultiplier": 1.7268390357941252,
        "noiseBand": 0.09121070682671267,
        "riskTolerance": 0.8809736708103876,
        "lastChanceBluffRate": 0.43227146343802564,
        "bullPhaseRaiseRate": 0.7744803346415641,
        "openingBluffRate": 0.33616803167178466
      },
      "origin": "mutant-of-child-6117",
      "generation": 144
    },
    {
      "id": "hof-6168",
      "config": {
        "bluffFrequency": 0.6254320751385424,
        "aggressionBias": 0.37101626500565454,
        "bluffPlausibilityGate": 0.5507367421246883,
        "bullThreshold": 0.28457068712294165,
        "trustMultiplier": 1.4393471463325265,
        "noiseBand": 0.1266063683897037,
        "riskTolerance": 0.7105429590461563,
        "lastChanceBluffRate": 0.532822721009423,
        "bullPhaseRaiseRate": 0.9480217952955472,
        "openingBluffRate": 0.24235434099040182
      },
      "origin": "cross-child-6093-child-6093",
      "generation": 144
    },
    {
      "id": "hof-6209",
      "config": {
        "bluffFrequency": 0.05821860348527199,
        "aggressionBias": 0.8163630940434896,
        "bluffPlausibilityGate": 0.8867506072620231,
        "bullThreshold": 0,
        "trustMultiplier": 1.7501118498073123,
        "noiseBand": 0.12181917692119797,
        "riskTolerance": 1,
        "lastChanceBluffRate": 0.5241781500273305,
        "bullPhaseRaiseRate": 0.9958225025939372,
        "openingBluffRate": 0.240909570858578
      },
      "origin": "mutant-of-cross-6157",
      "generation": 145
    },
    {
      "id": "hof-6210",
      "config": {
        "bluffFrequency": 0.7457604601169624,
        "aggressionBias": 0.5919199243249033,
        "bluffPlausibilityGate": 0.6858985528274237,
        "bullThreshold": 0.12458280872926976,
        "trustMultiplier": 1.5268324482557458,
        "noiseBand": 0.11940313071366321,
        "riskTolerance": 0.8884771792923097,
        "lastChanceBluffRate": 0.4813711128071346,
        "bullPhaseRaiseRate": 0.9905468373634474,
        "openingBluffRate": 0.1727287426578613
      },
      "origin": "elite-from-child-6162",
      "generation": 145
    },
    {
      "id": "hof-6251",
      "config": {
        "bluffFrequency": 0.6535320344758683,
        "aggressionBias": 0.5481737829118317,
        "bluffPlausibilityGate": 0.6874306258223075,
        "bullThreshold": 0.1409724072543284,
        "trustMultiplier": 1.7613188311818775,
        "noiseBand": 0.1260713579103494,
        "riskTolerance": 0.8129407894782447,
        "lastChanceBluffRate": 0.5274294345349532,
        "bullPhaseRaiseRate": 0.9068491280602791,
        "openingBluffRate": 0.37283221680022066
      },
      "origin": "cross-child-6180-cross-6194",
      "generation": 146
    },
    {
      "id": "hof-6252",
      "config": {
        "bluffFrequency": 0.5669492542395699,
        "aggressionBias": 0.9471950507588502,
        "bluffPlausibilityGate": 0.8358366597933103,
        "bullThreshold": 0,
        "trustMultiplier": 2,
        "noiseBand": 0.09347402322834397,
        "riskTolerance": 0.7268227593430535,
        "lastChanceBluffRate": 0.668041654531758,
        "bullPhaseRaiseRate": 0.5650749386152036,
        "openingBluffRate": 0.1607499128748709
      },
      "origin": "mutant-of-child-6178",
      "generation": 146
    },
    {
      "id": "hof-6253",
      "config": {
        "bluffFrequency": 0.1519198126359109,
        "aggressionBias": 0.7779808901968503,
        "bluffPlausibilityGate": 0.829939343878795,
        "bullThreshold": 0.21330652680057444,
        "trustMultiplier": 1.8390230202951046,
        "noiseBand": 0.0992163162664153,
        "riskTolerance": 0.9150350923007673,
        "lastChanceBluffRate": 0.5231922096626989,
        "bullPhaseRaiseRate": 0.9156177500362247,
        "openingBluffRate": 0.243549518733476
      },
      "origin": "cross-child-6179-child-6177",
      "generation": 146
    },
    {
      "id": "hof-6294",
      "config": {
        "bluffFrequency": 0.7488697165228834,
        "aggressionBias": 0.6526110622418351,
        "bluffPlausibilityGate": 0.5079300355269634,
        "bullThreshold": 0.1742965508502304,
        "trustMultiplier": 1.4362286704135634,
        "noiseBand": 0.12438620855370443,
        "riskTolerance": 0.8115074151362742,
        "lastChanceBluffRate": 0.4298186418997298,
        "bullPhaseRaiseRate": 0.8844312522908795,
        "openingBluffRate": 0.21134040633694984
      },
      "origin": "mutant-of-child-6242",
      "generation": 147
    },
    {
      "id": "hof-6295",
      "config": {
        "bluffFrequency": 0.33685877196906083,
        "aggressionBias": 0.5647508714239567,
        "bluffPlausibilityGate": 0.5238370842703473,
        "bullThreshold": 0.08255831468706643,
        "trustMultiplier": 1.7763618199311,
        "noiseBand": 0.10695186258126269,
        "riskTolerance": 0.9162831400135897,
        "lastChanceBluffRate": 0.5696228401320638,
        "bullPhaseRaiseRate": 0.9233256144490816,
        "openingBluffRate": 0.19685120378662965
      },
      "origin": "cross-child-6236-child-6236",
      "generation": 147
    },
    {
      "id": "hof-6296",
      "config": {
        "bluffFrequency": 1.072295667491139,
        "aggressionBias": 0.5608584845679876,
        "bluffPlausibilityGate": 0.6626907653416342,
        "bullThreshold": 0.13812163517329962,
        "trustMultiplier": 1.402541491041599,
        "noiseBand": 0.11242525157430987,
        "riskTolerance": 0.7087412654182269,
        "lastChanceBluffRate": 0.44689496298010173,
        "bullPhaseRaiseRate": 0.9961973455181327,
        "openingBluffRate": 0.00846018205069142
      },
      "origin": "mutant-of-cross-6233",
      "generation": 147
    },
    {
      "id": "hof-6337",
      "config": {
        "bluffFrequency": 0.8790340569540199,
        "aggressionBias": 0.547277001356202,
        "bluffPlausibilityGate": 0.5728751373941773,
        "bullThreshold": 0.09327551333044129,
        "trustMultiplier": 1.5331726906601566,
        "noiseBand": 0.13260197143208888,
        "riskTolerance": 0.8070992489015593,
        "lastChanceBluffRate": 0.49145867829195683,
        "bullPhaseRaiseRate": 0.9354808578003722,