{
  "exportedAt": "2026-03-09T20:07:40.297Z",
  "interrupted": false,
  "generations": 120,
  "targetGenerations": 120,
  "populationSize": 40,
  "gamesPerMatchup": 80,
  "playersPerGame": 2,
  "maxCards": 5,
  "bestPopWinRate": 0.5198717948717949,
  "bestWinRate": 0.5409989316239316,
  "totalGames": 14715120,
  "durationMs": 3056478.94286,
  "config": {
    "bluffFrequency": 0.1933235227152052,
    "aggressionBias": 0.537886990174866,
    "bluffPlausibilityGate": 0.7286154269261247,
    "bullThreshold": 0.13175961889654397,
    "trustMultiplier": 1.240817439591652,
    "noiseBand": 0.18770030880254238,
    "riskTolerance": 0,
    "lastChanceBluffRate": 0.94314702136376,
    "bullPhaseRaiseRate": 0.23996227181585908,
    "openingBluffRate": 0.48580245071966716
  },
  "origin": "mutant-of-child-1432",
  "bestBenchWinRate": 0.48,
  "hofSize": 30,
  "bestProfileWinRate": 0.5375,
  "hallOfFame": [
    {
      "id": "hof-4713",
      "config": {
        "bluffFrequency": 0.07111793981670708,
        "aggressionBias": 1,
        "bluffPlausibilityGate": 0.6241923114992107,
        "bullThreshold": 0.42446056081119793,
        "trustMultiplier": 0.9822456819227376,
        "noiseBand": 0.15289052752250692,
        "riskTolerance": 0.57384728913424,
        "lastChanceBluffRate": 0.9445156754251949,
        "bullPhaseRaiseRate": 0.715174817009034,
        "openingBluffRate": 1
      },
      "origin": "mutant-of-cross-4654",
      "generation": 110
    },
    {
      "id": "hof-4754",
      "config": {
        "bluffFrequency": 0.06059706260965926,
        "aggressionBias": 0.8633756244563713,
        "bluffPlausibilityGate": 0.4997341556889025,
        "bullThreshold": 0.2736830661342236,
        "trustMultiplier": 0.8055561628769838,
        "noiseBand": 0.14052282737062483,
        "riskTolerance": 0.6677632728480066,
        "lastChanceBluffRate": 0.9707411166430756,
        "bullPhaseRaiseRate": 0.7699809985992437,
        "openingBluffRate": 0.853943066218018
      },
      "origin": "cross-child-4679-cross-4707",
      "generation": 111
    },
    {
      "id": "hof-4755",
      "config": {
        "bluffFrequency": 0,
        "aggressionBias": 0.872527156964849,
        "bluffPlausibilityGate": 0.5227267560740686,
        "bullThreshold": 0.20308448819450017,
        "trustMultiplier": 1.7196648331987368,
        "noiseBand": 0.17588711457081893,
        "riskTolerance": 0.8353116149991552,
        "lastChanceBluffRate": 0.823411832556983,
        "bullPhaseRaiseRate": 0.809573841522871,
        "openingBluffRate": 0.8365190337162989
      },
      "origin": "mutant-of-elite-4674",
      "generation": 111
    },
    {
      "id": "hof-4756",
      "config": {
        "bluffFrequency": 0.13111973345764838,
        "aggressionBias": 0.7706995666892015,
        "bluffPlausibilityGate": 0.531136370152588,
        "bullThreshold": 0.1729505428909352,
        "trustMultiplier": 0.877569673214828,
        "noiseBand": 0.13909074656593404,
        "riskTolerance": 0.49611336933133493,
        "lastChanceBluffRate": 0.9746415291890369,
        "bullPhaseRaiseRate": 0.8824641918749394,
        "openingBluffRate": 0.7584280302837948
      },
      "origin": "mutant-of-child-4710",
      "generation": 111
    },
    {
      "id": "hof-4797",
      "config": {
        "bluffFrequency": 0.1823551325048104,
        "aggressionBias": 0.9989701330800563,
        "bluffPlausibilityGate": 0.5580733854526922,
        "bullThreshold": 0.19114597411201886,
        "trustMultiplier": 1.0111030641201422,
        "noiseBand": 0.14007143703378674,
        "riskTolerance": 0.8707611162553366,
        "lastChanceBluffRate": 0.9432329785453538,
        "bullPhaseRaiseRate": 0.8545353495995972,
        "openingBluffRate": 0.8817190812868773
      },
      "origin": "cross-cross-4744-child-4751",
      "generation": 112
    },
    {
      "id": "hof-4798",
      "config": {
        "bluffFrequency": 0.06059706260965926,
        "aggressionBias": 0.8633756244563713,
        "bluffPlausibilityGate": 0.44747246108599537,
        "bullThreshold": 0.37329509365407637,
        "trustMultiplier": 0.8055561628769838,
        "noiseBand": 0.13114055109710532,
        "riskTolerance": 0.5863193136247944,
        "lastChanceBluffRate": 0.9566214418757518,
        "bullPhaseRaiseRate": 0.7984080628582393,
        "openingBluffRate": 0.9243569571064666
      },
      "origin": "mutant-of-cross-4750",
      "generation": 112
    },
    {
      "id": "hof-4839",
      "config": {
        "bluffFrequency": 0.1727859883276339,
        "aggressionBias": 0.7668046704127386,
        "bluffPlausibilityGate": 0.8170683894134053,
        "bullThreshold": 0.43460607645518123,
        "trustMultiplier": 0.9547421306809243,
        "noiseBand": 0.1268903351368834,
        "riskTolerance": 0.38861194555479245,
        "lastChanceBluffRate": 0.8948398099361972,
        "bullPhaseRaiseRate": 0.8011602105911055,
        "openingBluffRate": 0.9017850880860393
      },
      "origin": "mutant-of-child-4796",
      "generation": 113
    },
    {
      "id": "hof-4840",
      "config": {
        "bluffFrequency": 0.012583919655217012,
        "aggressionBias": 0.8664998597627123,
        "bluffPlausibilityGate": 0.44747246108599537,
        "bullThreshold": 0.41925416494927537,
        "trustMultiplier": 0.8094930326693884,
        "noiseBand": 0.13114055109710532,
        "riskTolerance": 0.5842818152648772,
        "lastChanceBluffRate": 0.9221508850965519,
        "bullPhaseRaiseRate": 0.7928313563490993,
        "openingBluffRate": 0.9046623717003608
      },
      "origin": "cross-child-4787-child-4787",
      "generation": 113
    },
    {
      "id": "hof-4841",
      "config": {
        "bluffFrequency": 0.32500905239479944,
        "aggressionBias": 1,
        "bluffPlausibilityGate": 0.700381036397285,
        "bullThreshold": 0.285444952829551,
        "trustMultiplier": 0.8698531173447088,
        "noiseBand": 0.1306610667868819,
        "riskTolerance": 0.7069977791175633,
        "lastChanceBluffRate": 1,
        "bullPhaseRaiseRate": 0.7621038799941614,
        "openingBluffRate": 0.9988283565739828
      },
      "origin": "mutant-of-cross-4765",
      "generation": 113
    },
    {
      "id": "hof-4882",
      "config": {
        "bluffFrequency": 0,
        "aggressionBias": 0.7900952661536392,
        "bluffPlausibilityGate": 0.6275435554944542,
        "bullThreshold": 0.42662443463547356,
        "trustMultiplier": 0.9187945851529046,
        "noiseBand": 0.13917803641656612,
        "riskTolerance": 0.30678251800282746,
        "lastChanceBluffRate": 1,
        "bullPhaseRaiseRate": 0.9265313634672899,
        "openingBluffRate": 0.9570995396170309
      },
      "origin": "mutant-of-cross-4820",
      "generation": 114
    },
    {
      "id": "hof-4883",
      "config": {
        "bluffFrequency": 0,
        "aggressionBias": 0.9236142947530472,
        "bluffPlausibilityGate": 0.5857842638056212,
        "bullThreshold": 0.2696725209392398,
        "trustMultiplier": 1.0500499424488934,
        "noiseBand": 0.15404760520067093,
        "riskTolerance": 0.6262213910214963,
        "lastChanceBluffRate": 0.9213748617927476,
        "bullPhaseRaiseRate": 0.7699809985992437,
        "openingBluffRate": 0.7502865035550984
      },
      "origin": "cross-child-4809-cross-4833",
      "generation": 114
    },
    {
      "id": "hof-4884",
      "config": {
        "bluffFrequency": 0,
        "aggressionBias": 0.8912577466509223,
        "bluffPlausibilityGate": 0.5302077442917388,
        "bullThreshold": 0.21076496701945463,
        "trustMultiplier": 1.006605716153488,
        "noiseBand": 0.15554741147585205,
        "riskTolerance": 0.5841642465735717,
        "lastChanceBluffRate": 0.9211376467947793,
        "bullPhaseRaiseRate": 0.8598235770160921,
        "openingBluffRate": 0.9225273033246773
      },
      "origin": "mutant-of-cross-4833",