{
  "exportedAt": "2026-03-09T09:25:34.105Z",
  "generations": 3,
  "populationSize": 6,
  "gamesPerMatchup": 5,
  "playersPerGame": 2,
  "maxCards": 5,
  "bestWinRate": 0.72,
  "totalGames": 225,
  "durationMs": 180.73152500000015,
  "config": {
    "bluffFrequency": 0,
    "bullThreshold": 0.6745645184592207,
    "riskTolerance": 0.2561981245468007,
    "aggressionBias": 0.2744942669903994,
    "lastChanceBluffRate": 0.3552099487245202,
    "openingBluffRate": 0.20844178945925648,
    "bullPhaseRaiseRate": 0.19900437791094117,
    "trustMultiplier": 1.4619378788401192,
    "bluffPlausibilityGate": 0.46347012064010823,
    "noiseBand": 0.01905987001238143
  },
  "origin": "mutant-of-cross-8"
}
