{
  "exportedAt": "2026-03-10T05:06:53.168Z",
  "interrupted": false,
  "generations": 100,
  "targetGenerations": 100,
  "populationSize": 40,
  "gamesPerMatchup": 80,
  "playersPerGame": 6,
  "maxCards": 5,
  "bestPopWinRate": 0.328125,
  "bestWinRate": 0.43837847222222215,
  "totalGames": 5308920,
  "durationMs": 1148500.037486,
  "config": {
    "bluffFrequency": 1.823114911758793,
    "aggressionBias": 0.9443510522410371,
    "bluffPlausibilityGate": 0.12938725237020662,
    "bullThreshold": 0.43591981661431295,
    "trustMultiplier": 1.1917472138842045,
    "noiseBand": 0.13033661620770276,
    "riskTolerance": 0.3323167366570509,
    "lastChanceBluffRate": 0.7314368016108658,
    "bullPhaseRaiseRate": 0.6765425334831325,
    "openingBluffRate": 0.03362446432109976
  },
  "origin": "mutant-of-child-2673",
  "bestBenchWinRate": 0.4895,
  "hofSize": 25,
  "bestProfileWinRate": 0.5069444444444444
}
