{
  "exportedAt": "2026-03-10T05:25:45.200Z",
  "interrupted": false,
  "generations": 100,
  "targetGenerations": 100,
  "populationSize": 40,
  "gamesPerMatchup": 80,
  "playersPerGame": 2,
  "maxCards": 5,
  "bestPopWinRate": 0.5205128205128206,
  "bestWinRate": 0.5409294871794872,
  "totalGames": 11471520,
  "durationMs": 2281026.243177,
  "config": {
    "bluffFrequency": 0,
    "bullThreshold": 0.28,
    "riskTolerance": 0.9937373991315659,
    "aggressionBias": 0.4841547768347773,
    "lastChanceBluffRate": 0.7887546641918641,
    "openingBluffRate": 0.2072312385594275,
    "bullPhaseRaiseRate": 0.597580258322288,
    "trustMultiplier": 1.2353675502193167,
    "bluffPlausibilityGate": 0.35920661947833005,
    "noiseBand": 0.12585560608931903
  },
  "origin": "mutant-of-hustler_lvl8-8",
  "bestBenchWinRate": 0.487,
  "hofSize": 25,
  "bestProfileWinRate": 0.5138888888888888,
  "hallOfFame": [
    {
      "id": "hof-3940",
      "config": {
        "bluffFrequency": 0.09426462710469156,
        "aggressionBias": 0.33046593397221546,
        "bluffPlausibilityGate": 0.49416414232897554,
        "bullThreshold": 0.15428374640354595,
        "trustMultiplier": 0.5821223020352154,
        "noiseBand": 0.11198357513627052,
        "riskTolerance": 0.8150055757542588,
        "lastChanceBluffRate": 0.9972554466829227,
        "bullPhaseRaiseRate": 0.8979688734094652,
        "openingBluffRate": 0.21886825688694114
      },
      "origin": "cross-child-3880-cross-3890",
      "generation": 92
    },
    {
      "id": "hof-3981",
      "config": {
        "bluffFrequency": 0.21618299876947816,
        "aggressionBias": 0.31648789190267645,
        "bluffPlausibilityGate": 0.7468887508110098,
        "bullThreshold": 0.00929232583978118,
        "trustMultiplier": 0.3801668048608629,
        "noiseBand": 0.10717550861392587,
        "riskTolerance": 0.9435384517114939,
        "lastChanceBluffRate": 0.9585981171059373,
        "bullPhaseRaiseRate": 0.7423564613347596,
        "openingBluffRate": 0.21881874388819075
      },
      "origin": "mutant-of-child-3918",
      "generation": 93
    },
    {
      "id": "hof-3982",
      "config": {
        "bluffFrequency": 0.3504175325325074,
        "aggressionBias": 0.363834676911027,
        "bluffPlausibilityGate": 0.8148222166322827,
        "bullThreshold": 0.19897881529296116,
        "trustMultiplier": 0.29254733776220765,
        "noiseBand": 0.11245462645781207,
        "riskTolerance": 1,
        "lastChanceBluffRate": 1,
        "bullPhaseRaiseRate": 0.7451696816231379,
        "openingBluffRate": 0.2291152016530617
      },
      "origin": "mutant-of-child-3918",
      "generation": 93
    },
    {
      "id": "hof-3983",
      "config": {
        "bluffFrequency": 0,
        "aggressionBias": 0.20637494613171625,
        "bluffPlausibilityGate": 0.8088707312365508,
        "bullThreshold": 0.10183781782454271,
        "trustMultiplier": 0.6112831123438033,
        "noiseBand": 0.15614404098611553,
        "riskTolerance": 0.949825306512238,
        "lastChanceBluffRate": 0.8011674311050807,
        "bullPhaseRaiseRate": 0.9196583545718414,
        "openingBluffRate": 0.15246859046483208
      },
      "origin": "mutant-of-child-3901",
      "generation": 93
    },
    {
      "id": "hof-4024",
      "config": {
        "bluffFrequency": 0,
        "aggressionBias": 0.23387089892932658,
        "bluffPlausibilityGate": 0.4555002513637227,
        "bullThreshold": 0.09909849358300224,
        "trustMultiplier": 0.3528621614019496,
        "noiseBand": 0.1232886438724615,
        "riskTolerance": 0.6787392644332386,
        "lastChanceBluffRate": 0.9136155214641003,
        "bullPhaseRaiseRate": 0.6346072362403938,
        "openingBluffRate": 0.24493526116576983
      },
      "origin": "mutant-of-cross-3957",
      "generation": 94
    },
    {
      "id": "hof-4025",
      "config": {
        "bluffFrequency": 0.019723414935743745,
        "aggressionBias": 0.16752063270387327,
        "bluffPlausibilityGate": 0.7873725704780123,
        "bullThreshold": 0.24377303724957955,
        "trustMultiplier": 0.8323236741827352,
        "noiseBand": 0.15895051141685462,
        "riskTolerance": 0.8588316542019692,
        "lastChanceBluffRate": 1,
        "bullPhaseRaiseRate": 0.8987274912000472,
        "openingBluffRate": 0.26185456703509924
      },
      "origin": "cross-cross-3971-cross-3979",
      "generation": 94
    },
    {
      "id": "hof-4026",
      "config": {
        "bluffFrequency": 0,
        "aggressionBias": 0.28308849041475037,
        "bluffPlausibilityGate": 0.49629847228919616,
        "bullThreshold": 0.018585259442439543,
        "trustMultiplier": 0.41130223642975283,
        "noiseBand": 0.12099437915180339,
        "riskTolerance": 0.8725145349484482,
        "lastChanceBluffRate": 0.9548665316794789,
        "bullPhaseRaiseRate": 0.7459881597032582,
        "openingBluffRate": 0.14266870174951513
      },
      "origin": "mutant-of-child-3944",
      "generation": 94
    },
    {
      "id": "hof-4067",
      "config": {
        "bluffFrequency": 0,
        "aggressionBias": 0.35082719591453915,
        "bluffPlausibilityGate": 1,
        "bullThreshold": 0.11385693827452328,
        "trustMultiplier": 0.7317755354226818,
        "noiseBand": 0.1408053294809195,
        "riskTolerance": 0.6350394023102864,
        "lastChanceBluffRate": 0.9259340215669902,
        "bullPhaseRaiseRate": 0.9128771102105646,
        "openingBluffRate": 0.2720977999528456
      },
      "origin": "mutant-of-child-4007",
      "generation": 95
    },
    {
      "id": "hof-4068",
      "config": {
        "bluffFrequency": 0,
        "aggressionBias": 0.3680320768393818,
        "bluffPlausibilityGate": 0.9522996994882779,
        "bullThreshold": 0.17409186929693043,
        "trustMultiplier": 0.638204723673639,
        "noiseBand": 0.1271791093392445,
        "riskTolerance": 0.7904099906579632,
        "lastChanceBluffRate": 1,
        "bullPhaseRaiseRate": 0.9189256431875175,
        "openingBluffRate": 0.26737810592909733
      },
      "origin": "mutant-of-cross-3987",
      "generation": 95
    },
    {
      "id": "hof-4069",
      "config": {
        "bluffFrequency": 0.07670587780723256,
        "aggressionBias": 0.2738928509786088,
        "bluffPlausibilityGate": 0.965505501039049,
        "bullThreshold": 0.24736967065947546,
        "trustMultiplier": 0.5967601525832997,
        "noiseBand": 0.13500989300507854,
        "riskTolerance": 0.792745464953977,
        "lastChanceBluffRate": 0.9919705400593266,
        "bullPhaseRaiseRate": 0.9202884321130174,
        "openingBluffRate": 0.2720977999528456
      },
      "origin": "mutant-of-child-4007",
      "generation": 95
    },
    {
      "id": "hof-4110",
      "config": {
        "bluffFrequency": 0.31663596603100513,
        "aggressionBias": 0.1551324581660349,
        "bluffPlausibilityGate": 0.6543305958191019,
        "bullThreshold": 0.0660798619757146,
        "trustMultiplier": 0.9332511878024764,
        "noiseBand": 0.14029334215777844,
        "riskTolerance": 0.7685908047449829,
        "lastChanceBluffRate": 0.9832091446656088,
        "bullPhaseRaiseRate": 0.964976141505869,
        "openingBluffRate": 0.02758878297202861
      },
      "origin": "cross-child-4037-child-4066",
      "generation": 96
    },
    {
      "id": "hof-4111",
      "config": {
        "bluffFrequency": 0.20596020631821582,
        "aggressionBias": 0.2339266177930579,
        "bluffPlausibilityGate": 0.7749796884292997,
        "bullThreshold": 0.037454951952498844,
        "trustMultiplier": 0.44090513559251787,
        "noiseBand": 0.10358891111120927,
        "riskTolerance": 1,
        "lastChanceBluffRate": 0.9408277025625201,
        "bullPhaseRaiseRate": 0.7451696816231379,
        "openingBluffRate": 0.28191804839457935
      },
      "origin": "mutant-of-child-4044",
      "generation": 96
    },
    {
      "id": "hof-4112",