{
  "exportedAt": "2026-03-10T10:57:39.828Z",
  "interrupted": false,
  "generations": 150,
  "targetGenerations": 150,
  "populationSize": 40,
  "gamesPerMatchup": 100,
  "playersPerGame": 4,
  "maxCards": 5,
  "bestPopWinRate": 0.3829787234042553,
  "bestWinRate": 0.5125613475177304,
  "totalGames": 8698900,
  "durationMs": 1977808.5965180001,
  "config": {
    "bluffFrequency": 0.8832819178907843,
    "aggressionBias": 0.6386889113235638,
    "bluffPlausibilityGate": 0.4949892830887832,
    "bullThreshold": 0,
    "trustMultiplier": 0.7544935233384208,
    "noiseBand": 0.17684556404471727,
    "riskTolerance": 0.08786981275234987,
    "lastChanceBluffRate": 0.9142074730165966,
    "bullPhaseRaiseRate": 1,
    "openingBluffRate": 0.7609322322992491
  },
  "origin": "cross-cross-3938-child-3941",
  "bestBenchWinRate": 0.4885,
  "hofSize": 20,
  "bestProfileWinRate": 0.4922222222222222,
  "hallOfFame": [
    {
      "id": "hof-6129",
      "config": {
        "bluffFrequency": 0.3778510641560898,
        "aggressionBias": 0.6799000855355009,
        "bluffPlausibilityGate": 0.4006374097991261,
        "bullThreshold": 0,
        "trustMultiplier": 1.318209695700973,
        "noiseBand": 0.2,
        "riskTolerance": 0.29645870579379946,
        "lastChanceBluffRate": 0.8253143132175074,
        "bullPhaseRaiseRate": 0.5010910136330208,
        "openingBluffRate": 0.8674520510524981
      },
      "origin": "mutant-of-cross-6058",
      "generation": 143
    },
    {
      "id": "hof-6170",
      "config": {
        "bluffFrequency": 0.02975413658422525,
        "aggressionBias": 0.8688053541916907,
        "bluffPlausibilityGate": 0.8263676276866535,
        "bullThreshold": 0,
        "trustMultiplier": 1.704802024389805,
        "noiseBand": 0.1604563942787149,
        "riskTolerance": 0.6417640383769285,
        "lastChanceBluffRate": 0.9556192498751478,
        "bullPhaseRaiseRate": 0.684315955695373,
        "openingBluffRate": 0.9576569850384423
      },
      "origin": "cross-child-6095-child-6097",
      "generation": 144
    },
    {
      "id": "hof-6171",
      "config": {
        "bluffFrequency": 0.2515221721142227,
        "aggressionBias": 0.5819138836063034,
        "bluffPlausibilityGate": 0.41107346263113237,
        "bullThreshold": 0.12315043441270171,
        "trustMultiplier": 1.5279389324971917,
        "noiseBand": 0.1900246623428159,
        "riskTolerance": 0.36997540939700174,
        "lastChanceBluffRate": 0.8392933020175142,
        "bullPhaseRaiseRate": 0.5222298367473995,
        "openingBluffRate": 0.8274955840501295
      },
      "origin": "elite-from-child-6101",
      "generation": 144
    },
    {
      "id": "hof-6172",
      "config": {
        "bluffFrequency": 0,
        "aggressionBias": 0.4471891698761503,
        "bluffPlausibilityGate": 0.903697386889803,
        "bullThreshold": 0.10439233432301122,
        "trustMultiplier": 1.2321396865106848,
        "noiseBand": 0.2,
        "riskTolerance": 0.4856813916308392,
        "lastChanceBluffRate": 0.9319740551293976,
        "bullPhaseRaiseRate": 0.9546715549642161,
        "openingBluffRate": 0.6587881771914844
      },
      "origin": "cross-child-6105-cross-6119",
      "generation": 144
    },
    {
      "id": "hof-6213",
      "config": {
        "bluffFrequency": 0,
        "aggressionBias": 0.8182476321601894,
        "bluffPlausibilityGate": 0.8486350345636153,
        "bullThreshold": 0.06271513333518143,
        "trustMultiplier": 1.7326104948686876,
        "noiseBand": 0.15865865382107516,
        "riskTolerance": 0.41168917949311845,
        "lastChanceBluffRate": 0.9696263759190547,
        "bullPhaseRaiseRate": 0.8061680462747677,
        "openingBluffRate": 0.8336080776827592
      },
      "origin": "cross-elite-6130-cross-6136",
      "generation": 145
    },
    {
      "id": "hof-6214",
      "config": {
        "bluffFrequency": 0,
        "aggressionBias": 0.8142750536174372,
        "bluffPlausibilityGate": 0.8391088508519201,
        "bullThreshold": 0.11468450319745506,
        "trustMultiplier": 1.7292693664209515,
        "noiseBand": 0.18375951707637325,
        "riskTolerance": 0.6517109839552271,
        "lastChanceBluffRate": 0.9654075962675942,
        "bullPhaseRaiseRate": 0.6660402609331311,
        "openingBluffRate": 0.7423782565562913
      },
      "origin": "cross-child-6167-cross-6136",
      "generation": 145
    },
    {
      "id": "hof-6215",
      "config": {
        "bluffFrequency": 0.21803836544183663,
        "aggressionBias": 0.7471761135738579,
        "bluffPlausibilityGate": 0.2879993697511678,
        "bullThreshold": 0.07821089227864175,
        "trustMultiplier": 1.359115144625312,
        "noiseBand": 0.19878585921955746,
        "riskTolerance": 0.33584672586731856,
        "lastChanceBluffRate": 0.8485358899964153,
        "bullPhaseRaiseRate": 0.5488936493895226,
        "openingBluffRate": 0.8274955840501295
      },
      "origin": "cross-elite-6132-child-6142",
      "generation": 145
    },
    {
      "id": "hof-6256",
      "config": {
        "bluffFrequency": 0.0965106226706612,
        "aggressionBias": 0.7080223162809518,
        "bluffPlausibilityGate": 0.22172328208433112,
        "bullThreshold": 0.062441109049654296,
        "trustMultiplier": 1.2503818872783086,
        "noiseBand": 0.19548066377716866,
        "riskTolerance": 0.334950024721298,
        "lastChanceBluffRate": 0.8428907928178112,
        "bullPhaseRaiseRate": 0.9602694952075659,
        "openingBluffRate": 0.7448325132130238
      },
      "origin": "mutant-of-child-6196",
      "generation": 146
    },
    {
      "id": "hof-6257",
      "config": {
        "bluffFrequency": 0.05081139049783672,
        "aggressionBias": 1,
        "bluffPlausibilityGate": 0.8312316246053847,
        "bullThreshold": 0.11596321539569233,
        "trustMultiplier": 1.8725830221708641,
        "noiseBand": 0.1673991845912322,
        "riskTolerance": 0.7197573689974983,
        "lastChanceBluffRate": 0.8558657470319211,
        "bullPhaseRaiseRate": 0.7236500268978434,
        "openingBluffRate": 0.7646478350887052
      },
      "origin": "mutant-of-cross-6185",
      "generation": 146
    },
    {
      "id": "hof-6298",
      "config": {
        "bluffFrequency": 0.8006163205385177,
        "aggressionBias": 0.5938724125724449,
        "bluffPlausibilityGate": 0.3106940518433949,
        "bullThreshold": 0.2662373503953207,
        "trustMultiplier": 1.7916559818153706,
        "noiseBand": 0.19091247855179058,
        "riskTolerance": 0.7276503051609746,
        "lastChanceBluffRate": 0.9408872117466321,
        "bullPhaseRaiseRate": 0.6863646506964101,
        "openingBluffRate": 0.7203277528908306
      },
      "origin": "mutant-of-cross-6227",
      "generation": 147
    },
    {
      "id": "hof-6299",
      "config": {
        "bluffFrequency": 0,
        "aggressionBias": 0.7109473109458316,
        "bluffPlausibilityGate": 0.7871848625092552,
        "bullThreshold": 0.06346707981511573,
        "trustMultiplier": 1.8624955610974183,
        "noiseBand": 0.18370468415833222,
        "riskTolerance": 0.6456830961176832,
        "lastChanceBluffRate": 1,
        "bullPhaseRaiseRate": 0.7291981690675747,
        "openingBluffRate": 0.9006532455699894
      },
      "origin": "mutant-of-child-6246",
      "generation": 147
    },
    {
      "id": "hof-6340",
      "config": {
        "bluffFrequency": 1.0544967216500054,
        "aggressionBias": 0.6715444911770393,
        "bluffPlausibilityGate": 0.22284360946705975,
        "bullThreshold": 0.07618184114553753,
        "trustMultiplier": 1.747134025774572,
        "noiseBand": 0.14487545855692088,
        "riskTolerance": 0.41218062357091934,
        "lastChanceBluffRate": 0.8146645043535765,
        "bullPhaseRaiseRate": 0.4345650053554173,
        "openingBluffRate": 1
      },
      "origin": "mutant-of-child-6292",