{
  "exportedAt": "2026-03-10T10:21:14.006Z",
  "interrupted": false,
  "generations": 120,
  "targetGenerations": 120,
  "populationSize": 40,
  "gamesPerMatchup": 80,
  "playersPerGame": 3,
  "maxCards": 5,
  "bestPopWinRate": 0.5416666666666666,
  "bestWinRate": 0.5129555555555555,
  "totalGames": 6471560,
  "durationMs": 1452882.961283,
  "config": {
    "bluffFrequency": 0.7997336120179792,
    "aggressionBias": 0.8740581651661574,
    "bluffPlausibilityGate": 0.8997887256489132,
    "bullThreshold": 0,
    "trustMultiplier": 1.813047216518044,
    "noiseBand": 0.0077795090710405385,
    "riskTolerance": 0.8128975622307707,
    "lastChanceBluffRate": 0.17709480287169918,
    "bullPhaseRaiseRate": 1,
    "openingBluffRate": 0.7873067637712045
  },
  "origin": "mutant-of-child-2501",
  "bestBenchWinRate": 0.5025,
  "hofSize": 25,
  "bestProfileWinRate": 0.4583333333333333,
  "hallOfFame": [
    {
      "id": "hof-4805",
      "config": {
        "bluffFrequency": 0,
        "aggressionBias": 0.8972037534799616,
        "bluffPlausibilityGate": 0.39305716541459557,
        "bullThreshold": 0.24218411817147484,
        "trustMultiplier": 0.8773556711561404,
        "noiseBand": 0.043271761607698696,
        "riskTolerance": 0.02337976753965884,
        "lastChanceBluffRate": 0.41975878158722957,
        "bullPhaseRaiseRate": 0.7031647883284123,
        "openingBluffRate": 0.9051115556090448
      },
      "origin": "mutant-of-child-4750",
      "generation": 112
    },
    {
      "id": "hof-4806",
      "config": {
        "bluffFrequency": 0.9222321843333884,
        "aggressionBias": 0.9315724512683872,
        "bluffPlausibilityGate": 0.30761771377742897,
        "bullThreshold": 0,
        "trustMultiplier": 0.9107131241617881,
        "noiseBand": 0.05184211307544864,
        "riskTolerance": 0.19232321157288887,
        "lastChanceBluffRate": 0.5220017505817027,
        "bullPhaseRaiseRate": 0.8158489625948254,
        "openingBluffRate": 0.570997928635289
      },
      "origin": "cross-child-4731-cross-4754",
      "generation": 112
    },
    {
      "id": "hof-4847",
      "config": {
        "bluffFrequency": 1.0875736330686994,
        "aggressionBias": 0.9625598118186086,
        "bluffPlausibilityGate": 0.39468178244445973,
        "bullThreshold": 0.11993625733339927,
        "trustMultiplier": 1.7710504959803988,
        "noiseBand": 0.04354346374586614,
        "riskTolerance": 0.2920772645273655,
        "lastChanceBluffRate": 0.44060878540305687,
        "bullPhaseRaiseRate": 0.9362408386385115,
        "openingBluffRate": 0.7337834527007177
      },
      "origin": "mutant-of-cross-4780",
      "generation": 113
    },
    {
      "id": "hof-4848",
      "config": {
        "bluffFrequency": 1.1562450613205228,
        "aggressionBias": 0.8603635823574383,
        "bluffPlausibilityGate": 0.3998204325211986,
        "bullThreshold": 0,
        "trustMultiplier": 1.6853497559151154,
        "noiseBand": 0.062187112857812504,
        "riskTolerance": 0.2645521211348788,
        "lastChanceBluffRate": 0.39837818076425174,
        "bullPhaseRaiseRate": 0.8615471515418748,
        "openingBluffRate": 0.40721600696021365
      },
      "origin": "cross-child-4782-cross-4780",
      "generation": 113
    },
    {
      "id": "hof-4849",
      "config": {
        "bluffFrequency": 0.8450089873555162,
        "aggressionBias": 0.9530000665803571,
        "bluffPlausibilityGate": 0.2762875728041695,
        "bullThreshold": 0.057897057929669024,
        "trustMultiplier": 1.1969817889883516,
        "noiseBand": 0.045419630271653584,
        "riskTolerance": 0.10668614097227513,
        "lastChanceBluffRate": 0.30488009634178365,
        "bullPhaseRaiseRate": 0.9462018773195571,
        "openingBluffRate": 0.8925037421499921
      },
      "origin": "mutant-of-cross-4789",
      "generation": 113
    },
    {
      "id": "hof-4890",
      "config": {
        "bluffFrequency": 1.2399819949449828,
        "aggressionBias": 0.9457292826343764,
        "bluffPlausibilityGate": 0.2892592120012289,
        "bullThreshold": 0,
        "trustMultiplier": 1.7545681654950969,
        "noiseBand": 0.06417216547619013,
        "riskTolerance": 0.2645521211348788,
        "lastChanceBluffRate": 0.40524878096687617,
        "bullPhaseRaiseRate": 0.7570935037351804,
        "openingBluffRate": 0.40721600696021365
      },
      "origin": "mutant-of-cross-4825",
      "generation": 114
    },
    {
      "id": "hof-4891",
      "config": {
        "bluffFrequency": 0.6857424508032847,
        "aggressionBias": 0.940556748509045,
        "bluffPlausibilityGate": 0.5259997977726973,
        "bullThreshold": 0.06689327473046632,
        "trustMultiplier": 1.2979928725876673,
        "noiseBand": 0.053751238813085564,
        "riskTolerance": 0.36576662176749763,
        "lastChanceBluffRate": 0.31158258059125776,
        "bullPhaseRaiseRate": 0.876089390835065,
        "openingBluffRate": 0.7438900094236509
      },
      "origin": "cross-cross-4827-child-4829",
      "generation": 114
    },
    {
      "id": "hof-4892",
      "config": {
        "bluffFrequency": 1.3120565534403017,
        "aggressionBias": 0.8603635823574383,
        "bluffPlausibilityGate": 0.3998204325211986,
        "bullThreshold": 0.017331116008988845,
        "trustMultiplier": 1.6853497559151154,
        "noiseBand": 0.08084852170823559,
        "riskTolerance": 0.14432231179874128,
        "lastChanceBluffRate": 0.3090453507871725,
        "bullPhaseRaiseRate": 0.7779923524029693,
        "openingBluffRate": 0.4702165522680901
      },
      "origin": "mutant-of-cross-4825",
      "generation": 114
    },
    {
      "id": "hof-4933",
      "config": {
        "bluffFrequency": 0,
        "aggressionBias": 0.8257542259954188,
        "bluffPlausibilityGate": 0.3314896568081308,
        "bullThreshold": 0.47620729434994447,
        "trustMultiplier": 1.1046207995862622,
        "noiseBand": 0.02548999267363681,
        "riskTolerance": 0.29687934057692944,
        "lastChanceBluffRate": 0.46172245913621557,
        "bullPhaseRaiseRate": 0.9181913534283691,
        "openingBluffRate": 0.4796822094186646
      },
      "origin": "mutant-of-cross-4866",
      "generation": 115
    },
    {
      "id": "hof-4934",
      "config": {
        "bluffFrequency": 0.334397454393308,
        "aggressionBias": 0.9096848834589885,
        "bluffPlausibilityGate": 0.33237135476950086,
        "bullThreshold": 0.013092822846006935,
        "trustMultiplier": 0.8861979385443512,
        "noiseBand": 0.05184211307544864,
        "riskTolerance": 0.37055297514654345,
        "lastChanceBluffRate": 0.5254146206728617,
        "bullPhaseRaiseRate": 1,
        "openingBluffRate": 0.7362918882627133
      },
      "origin": "cross-cross-4855-child-4889",
      "generation": 115
    },
    {
      "id": "hof-4935",
      "config": {
        "bluffFrequency": 0,
        "aggressionBias": 0.9225846052518981,
        "bluffPlausibilityGate": 0.2142412823292313,
        "bullThreshold": 0.2715157452035234,
        "trustMultiplier": 1.1980480627547396,
        "noiseBand": 0.015918325130718634,
        "riskTolerance": 0.2249260115924832,
        "lastChanceBluffRate": 0.4811290805746272,
        "bullPhaseRaiseRate": 0.7982954167442144,
        "openingBluffRate": 0.46320360110498654
      },
      "origin": "mutant-of-cross-4866",
      "generation": 115
    },
    {
      "id": "hof-4976",
      "config": {
        "bluffFrequency": 1.2711359858269937,
        "aggressionBias": 1,
        "bluffPlausibilityGate": 0.41801717032188324,
        "bullThreshold": 0,
        "trustMultiplier": 1.8847471571857266,
        "noiseBand": 0.09810304639381674,
        "riskTolerance": 0.05147091634631831,
        "lastChanceBluffRate": 0.2903889143680634,
        "bullPhaseRaiseRate": 0.7779923524029693,
        "openingBluffRate": 0.5476324033211097
      },
      "origin": "mutant-of-child-4921",