{
  "exportedAt": "2026-03-09T20:36:48.646Z",
  "interrupted": false,
  "generations": 100,
  "targetGenerations": 100,
  "populationSize": 35,
  "gamesPerMatchup": 60,
  "playersPerGame": 5,
  "maxCards": 5,
  "bestPopWinRate": 0.42105263157894735,
  "bestWinRate": 0.4573847953216374,
  "totalGames": 3489090,
  "durationMs": 822403.683818,
  "config": {
    "bluffFrequency": 1.623402512621719,
    "aggressionBias": 0.6775238736447815,
    "bluffPlausibilityGate": 0.36436348846433997,
    "bullThreshold": 0.3391470444206937,
    "trustMultiplier": 1.2136567767286381,
    "noiseBand": 0.07231104444136499,
    "riskTolerance": 0.7539387795942625,
    "lastChanceBluffRate": 0.28471217840662566,
    "bullPhaseRaiseRate": 0.8314723744706899,
    "openingBluffRate": 0.547594888476222
  },
  "origin": "mutant-of-cross-2624",
  "bestBenchWinRate": 0.5166666666666667,
  "hofSize": 25,
  "bestProfileWinRate": 0.47962962962962963,
  "hallOfFame": [
    {
      "id": "hof-3482",
      "config": {
        "bluffFrequency": 1.863057374643891,
        "aggressionBias": 0.9207025182715696,
        "bluffPlausibilityGate": 0.2140632334361067,
        "bullThreshold": 0.19757010197557393,
        "trustMultiplier": 1.1070807354071823,
        "noiseBand": 0.11651704539908507,
        "riskTolerance": 0.7711651039229476,
        "lastChanceBluffRate": 0.2232384110221453,
        "bullPhaseRaiseRate": 0.9664169032986905,
        "openingBluffRate": 0.35950716417427653
      },
      "origin": "mutant-of-cross-3438",
      "generation": 92
    },
    {
      "id": "hof-3483",
      "config": {
        "bluffFrequency": 2,
        "aggressionBias": 0.9416856944223595,
        "bluffPlausibilityGate": 0.3014656311543224,
        "bullThreshold": 0.44555961527201476,
        "trustMultiplier": 0.8664441817583646,
        "noiseBand": 0.06686503256622006,
        "riskTolerance": 0.8169796466044998,
        "lastChanceBluffRate": 0.31592822788343866,
        "bullPhaseRaiseRate": 0.8556794512699677,
        "openingBluffRate": 0.8288275956150335
      },
      "origin": "mutant-of-cross-3421",
      "generation": 92
    },
    {
      "id": "hof-3484",
      "config": {
        "bluffFrequency": 2,
        "aggressionBias": 0.960596602254408,
        "bluffPlausibilityGate": 0.2703260166092273,
        "bullThreshold": 0.5780124333635585,
        "trustMultiplier": 1.2788892826930258,
        "noiseBand": 0.048322786660148324,
        "riskTolerance": 0.6173651476399323,
        "lastChanceBluffRate": 0.39972204758050345,
        "bullPhaseRaiseRate": 0.8074799171646447,
        "openingBluffRate": 0.7646204389222662
      },
      "origin": "mutant-of-child-3441",
      "generation": 92
    },
    {
      "id": "hof-3520",
      "config": {
        "bluffFrequency": 1.8659101040185995,
        "aggressionBias": 0.853297030314049,
        "bluffPlausibilityGate": 0.30730156293947863,
        "bullThreshold": 0.31675029267339766,
        "trustMultiplier": 1.0501285648650642,
        "noiseBand": 0.07385473898363903,
        "riskTolerance": 0.7877993541359414,
        "lastChanceBluffRate": 0.40177709347750085,
        "bullPhaseRaiseRate": 0.90976852997637,
        "openingBluffRate": 0.9154325464623653
      },
      "origin": "elite-from-child-3470",
      "generation": 93
    },
    {
      "id": "hof-3521",
      "config": {
        "bluffFrequency": 1.866331559623796,
        "aggressionBias": 0.772597260021571,
        "bluffPlausibilityGate": 0.2649219533447494,
        "bullThreshold": 0.3130023204328697,
        "trustMultiplier": 1.0501285648650642,
        "noiseBand": 0.0773768241708023,
        "riskTolerance": 0.8088834855646342,
        "lastChanceBluffRate": 0.4620912033944877,
        "bullPhaseRaiseRate": 0.9129822724468735,
        "openingBluffRate": 0.8873788230983503
      },
      "origin": "mutant-of-child-3470",
      "generation": 93
    },
    {
      "id": "hof-3522",
      "config": {
        "bluffFrequency": 1.6863425108968035,
        "aggressionBias": 0.8387757985436759,
        "bluffPlausibilityGate": 0.2783167176273075,
        "bullThreshold": 0.4276093849748477,
        "trustMultiplier": 1.0761723050730614,
        "noiseBand": 0.06818809626713682,
        "riskTolerance": 0.8649828851738888,
        "lastChanceBluffRate": 0.40177709347750085,
        "bullPhaseRaiseRate": 0.90976852997637,
        "openingBluffRate": 0.9400943371063327
      },
      "origin": "mutant-of-child-3470",
      "generation": 93
    },
    {
      "id": "hof-3558",
      "config": {
        "bluffFrequency": 1.9928369837031676,
        "aggressionBias": 0.8632999817454139,
        "bluffPlausibilityGate": 0.4070128543435244,
        "bullThreshold": 0,
        "trustMultiplier": 1.1976319207038244,
        "noiseBand": 0.12032348055036686,
        "riskTolerance": 0.7902408255225718,
        "lastChanceBluffRate": 0.35085547306747117,
        "bullPhaseRaiseRate": 0.965780973187422,
        "openingBluffRate": 0.26627181479753287
      },
      "origin": "mutant-of-child-3496",
      "generation": 94
    },
    {
      "id": "hof-3559",
      "config": {
        "bluffFrequency": 1.7659574213988605,
        "aggressionBias": 0.9636154007765603,
        "bluffPlausibilityGate": 0.33682871976946743,
        "bullThreshold": 0.43444526647924847,
        "trustMultiplier": 1.2712201406653232,
        "noiseBand": 0.0654923410274384,
        "riskTolerance": 0.6413994128536942,
        "lastChanceBluffRate": 0.33082072873893636,
        "bullPhaseRaiseRate": 0.9477507986555105,
        "openingBluffRate": 0.8966164302254003
      },
      "origin": "mutant-of-cross-3513",
      "generation": 94
    },
    {
      "id": "hof-3560",
      "config": {
        "bluffFrequency": 1.9087108852142625,
        "aggressionBias": 0.9227909386853915,
        "bluffPlausibilityGate": 0.3357724047341675,
        "bullThreshold": 0.18726223556993365,
        "trustMultiplier": 1.2412750580092582,
        "noiseBand": 0.11942894191019959,
        "riskTolerance": 0.8297406249384366,
        "lastChanceBluffRate": 0.326275378714884,
        "bullPhaseRaiseRate": 0.82015816404105,
        "openingBluffRate": 0.7437485388556895
      },
      "origin": "cross-child-3488-cross-3508",
      "generation": 94
    },
    {
      "id": "hof-3596",
      "config": {
        "bluffFrequency": 1.6857527752445973,
        "aggressionBias": 0.879816279855347,
        "bluffPlausibilityGate": 0.4369504429021391,
        "bullThreshold": 0.23585709252335968,
        "trustMultiplier": 1.39713703211256,
        "noiseBand": 0.1126356196033465,
        "riskTolerance": 0.7511384368372572,
        "lastChanceBluffRate": 0.31810084387611065,
        "bullPhaseRaiseRate": 0.9003828288657774,
        "openingBluffRate": 0.3128756317606061
      },
      "origin": "cross-child-3557-child-3539",
      "generation": 95
    },
    {
      "id": "hof-3597",
      "config": {
        "bluffFrequency": 1.8873084494931793,
        "aggressionBias": 0.9905204272526883,
        "bluffPlausibilityGate": 0.36306576426557,
        "bullThreshold": 0.12221246850535401,
        "trustMultiplier": 1.397267172085217,
        "noiseBand": 0.13075734125717514,
        "riskTolerance": 0.6800818362546877,
        "lastChanceBluffRate": 0.33951193760575843,
        "bullPhaseRaiseRate": 0.9020536058967974,
        "openingBluffRate": 0.38486403887616616
      },
      "origin": "cross-child-3545-child-3545",
      "generation": 95
    },
    {
      "id": "hof-3598",
      "config": {
        "bluffFrequency": 1.785509021129573,
        "aggressionBias": 1,
        "bluffPlausibilityGate": 0.2796929081692279,
        "bullThreshold": 0.1335994603929264,
        "trustMultiplier": 1.387813237557889,
        "noiseBand": 0.13657628340370234,
        "riskTolerance": 0.6861689597154267,
        "lastChanceBluffRate": 0.3720828213643805,
        "bullPhaseRaiseRate": 0.8903131733701662,