{
  "exportedAt": "2026-03-09T20:13:53.961Z",
  "interrupted": false,
  "generations": 100,
  "targetGenerations": 100,
  "populationSize": 40,
  "gamesPerMatchup": 80,
  "playersPerGame": 2,
  "maxCards": 5,
  "bestPopWinRate": 0.5269230769230769,
  "bestWinRate": 0.5383333333333333,
  "totalGames": 12191920,
  "durationMs": 2574649.310692,
  "config": {
    "bluffFrequency": 0,
    "aggressionBias": 0.41137011853944905,
    "bluffPlausibilityGate": 0.37521241764104035,
    "bullThreshold": 0.3343122910909035,
    "trustMultiplier": 1.4868014760923312,
    "noiseBand": 0.12164385618070808,
    "riskTolerance": 0.9650409010698938,
    "lastChanceBluffRate": 0.6805592599452011,
    "bullPhaseRaiseRate": 0.6174765406390587,
    "openingBluffRate": 0
  },
  "origin": "cross-mutant-20-random-14",
  "bestBenchWinRate": 0.50375,
  "hofSize": 30,
  "bestProfileWinRate": 0.5236111111111111,
  "hallOfFame": [
    {
      "id": "hof-3855",
      "config": {
        "bluffFrequency": 0.16700614229300398,
        "aggressionBias": 0.7637678605645283,
        "bluffPlausibilityGate": 0.8549616645958281,
        "bullThreshold": 0.2822349712732242,
        "trustMultiplier": 0.01585493230497459,
        "noiseBand": 0.08669693782721347,
        "riskTolerance": 0.2766977062815224,
        "lastChanceBluffRate": 1,
        "bullPhaseRaiseRate": 0.955661135290473,
        "openingBluffRate": 0.7053231861011361
      },
      "origin": "mutant-of-child-3781",
      "generation": 90
    },
    {
      "id": "hof-3856",
      "config": {
        "bluffFrequency": 0.08325645685511232,
        "aggressionBias": 0.5231383470858347,
        "bluffPlausibilityGate": 0.3809717674752988,
        "bullThreshold": 0.20852962547422732,
        "trustMultiplier": 0.6825443409584225,
        "noiseBand": 0.04704633461206337,
        "riskTolerance": 0.6559460905434542,
        "lastChanceBluffRate": 0.973231442578759,
        "bullPhaseRaiseRate": 0.9429968272348016,
        "openingBluffRate": 0.45881213829449824
      },
      "origin": "mutant-of-child-3808",
      "generation": 90
    },
    {
      "id": "hof-3857",
      "config": {
        "bluffFrequency": 0.27498960774330744,
        "aggressionBias": 0.8357311658393516,
        "bluffPlausibilityGate": 0.6696908092416176,
        "bullThreshold": 0.2601751926298022,
        "trustMultiplier": 0.19265638433269316,
        "noiseBand": 0.048140430401911564,
        "riskTolerance": 0.44215057806057195,
        "lastChanceBluffRate": 1,
        "bullPhaseRaiseRate": 1,
        "openingBluffRate": 0.6832256392694774
      },
      "origin": "mutant-of-cross-3804",
      "generation": 90
    },
    {
      "id": "hof-3898",
      "config": {
        "bluffFrequency": 0,
        "aggressionBias": 0.548160982098308,
        "bluffPlausibilityGate": 0.7669182406909553,
        "bullThreshold": 0.2838765774127207,
        "trustMultiplier": 0.05826442778562096,
        "noiseBand": 0.07399601494083256,
        "riskTolerance": 0.3893695467964559,
        "lastChanceBluffRate": 0.8930777429706921,
        "bullPhaseRaiseRate": 0.8211329365370279,
        "openingBluffRate": 0.3610588846938385
      },
      "origin": "mutant-of-child-3826",
      "generation": 91
    },
    {
      "id": "hof-3899",
      "config": {
        "bluffFrequency": 0.19735345135731486,
        "aggressionBias": 0.8337766458442796,
        "bluffPlausibilityGate": 0.8125420153709633,
        "bullThreshold": 0.25061758163239417,
        "trustMultiplier": 0.1806589773465282,
        "noiseBand": 0.0714862415606188,
        "riskTolerance": 0.23427275329345942,
        "lastChanceBluffRate": 0.9747017814764403,
        "bullPhaseRaiseRate": 0.9794532854345519,
        "openingBluffRate": 0.7067102614311119
      },
      "origin": "mutant-of-child-3842",
      "generation": 91
    },
    {
      "id": "hof-3940",
      "config": {
        "bluffFrequency": 0.05712849675838694,
        "aggressionBias": 0.800000105995254,
        "bluffPlausibilityGate": 0.6615879438226143,
        "bullThreshold": 0.1389554256540279,
        "trustMultiplier": 0.310716570674692,
        "noiseBand": 0.028827829632780924,
        "riskTolerance": 0.39143654245885695,
        "lastChanceBluffRate": 0.9327767696642689,
        "bullPhaseRaiseRate": 0.8005005224663745,
        "openingBluffRate": 0.46644703675410193
      },
      "origin": "cross-child-3877-cross-3861",
      "generation": 92
    },
    {
      "id": "hof-3941",
      "config": {
        "bluffFrequency": 0.10123579842453206,
        "aggressionBias": 0.8359780533684072,
        "bluffPlausibilityGate": 0.5474477597821085,
        "bullThreshold": 0.17618943697866774,
        "trustMultiplier": 0.5640079966284063,
        "noiseBand": 0.048417438676090094,
        "riskTolerance": 0.2014277148892871,
        "lastChanceBluffRate": 0.8717646165129853,
        "bullPhaseRaiseRate": 0.737520145489163,
        "openingBluffRate": 0.5774569266813623
      },
      "origin": "mutant-of-cross-3886",
      "generation": 92
    },
    {
      "id": "hof-3942",
      "config": {
        "bluffFrequency": 0.11869120926548532,
        "aggressionBias": 0.7487241700868523,
        "bluffPlausibilityGate": 0.8334639437022462,
        "bullThreshold": 0.2806497826694956,
        "trustMultiplier": 0.10987644373685998,
        "noiseBand": 0.07254332294007705,
        "riskTolerance": 0.4189222012490055,
        "lastChanceBluffRate": 0.9580758828769543,
        "bullPhaseRaiseRate": 0.7035251969467214,
        "openingBluffRate": 0.35416138971826283
      },
      "origin": "mutant-of-child-3881",
      "generation": 92
    },
    {
      "id": "hof-3983",
      "config": {
        "bluffFrequency": 0.12793842811235145,
        "aggressionBias": 0.8039490013945,
        "bluffPlausibilityGate": 0.7609705061372369,
        "bullThreshold": 0.24337591235184675,
        "trustMultiplier": 0.18342714177139272,
        "noiseBand": 0.07204354662377249,
        "riskTolerance": 0.3681370050583518,
        "lastChanceBluffRate": 0.889516349380892,
        "bullPhaseRaiseRate": 0.7647747281109644,
        "openingBluffRate": 0.40986623487589013
      },
      "origin": "mutant-of-child-3936",
      "generation": 93
    },
    {
      "id": "hof-3984",
      "config": {
        "bluffFrequency": 0.053211503332255286,
        "aggressionBias": 0.5748143231775884,
        "bluffPlausibilityGate": 0.35601886993482934,
        "bullThreshold": 0.25156103541339686,
        "trustMultiplier": 0.4749585290153215,
        "noiseBand": 0.06108096438973216,
        "riskTolerance": 0.6482977088285988,
        "lastChanceBluffRate": 0.9780367788824931,
        "bullPhaseRaiseRate": 0.989439499464723,
        "openingBluffRate": 0.5473577672664051
      },
      "origin": "cross-child-3928-child-3937",
      "generation": 93
    },
    {
      "id": "hof-3985",
      "config": {
        "bluffFrequency": 0,
        "aggressionBias": 0.5896625623893421,
        "bluffPlausibilityGate": 0.7898870952142762,
        "bullThreshold": 0.29802154931606795,
        "trustMultiplier": 0,
        "noiseBand": 0.07416185700402292,
        "riskTolerance": 0.36739244156556733,
        "lastChanceBluffRate": 0.9051666074853261,
        "bullPhaseRaiseRate": 0.8209131416164841,
        "openingBluffRate": 0.483162158242394
      },
      "origin": "mutant-of-child-3919",
      "generation": 93
    },
    {
      "id": "hof-4026",
      "config": {
        "bluffFrequency": 0,
        "aggressionBias": 0.5197091628321232,
        "bluffPlausibilityGate": 0.3501906178941637,
        "bullThreshold": 0.2765500594841684,
        "trustMultiplier": 0,
        "noiseBand": 0.069675931082183,
        "riskTolerance": 0.21480932116963367,
        "lastChanceBluffRate": 0.9547576423112447,
        "bullPhaseRaiseRate": 0.8200111296672669,
        "openingBluffRate": 0.43263930892261754
      },
      "origin": "cross-child-3958-child-3951",