{
  "exportedAt": "2026-03-10T10:23:02.768Z",
  "interrupted": false,
  "generations": 120,
  "targetGenerations": 120,
  "populationSize": 40,
  "gamesPerMatchup": 80,
  "playersPerGame": 4,
  "maxCards": 5,
  "bestPopWinRate": 0.43373493975903615,
  "bestWinRate": 0.4714452476572958,
  "totalGames": 6423520,
  "durationMs": 1561326.566729,
  "config": {
    "bluffFrequency": 1.3683677155974783,
    "aggressionBias": 0.9275118826062767,
    "bluffPlausibilityGate": 0.5484135439575705,
    "bullThreshold": 0.09991853485417398,
    "trustMultiplier": 1.0210675207319857,
    "noiseBand": 0.09399688799252554,
    "riskTolerance": 0.1927221656551526,
    "lastChanceBluffRate": 0,
    "bullPhaseRaiseRate": 0.7849948953763345,
    "openingBluffRate": 0.24826263192150064
  },
  "origin": "mutant-of-child-947",
  "bestBenchWinRate": 0.485,
  "hofSize": 25,
  "bestProfileWinRate": 0.475,
  "hallOfFame": [
    {
      "id": "hof-4791",
      "config": {
        "bluffFrequency": 1.6595689537248777,
        "aggressionBias": 0.9827263808893079,
        "bluffPlausibilityGate": 0.7391390250786218,
        "bullThreshold": 0.03596055666122049,
        "trustMultiplier": 0.8418219758709117,
        "noiseBand": 0.05409646428215184,
        "riskTolerance": 0,
        "lastChanceBluffRate": 0.17132212351698187,
        "bullPhaseRaiseRate": 0.7894748889522356,
        "openingBluffRate": 0.8508559435434504
      },
      "origin": "mutant-of-child-4713",
      "generation": 112
    },
    {
      "id": "hof-4792",
      "config": {
        "bluffFrequency": 1.8025204873419585,
        "aggressionBias": 0.9293168509317253,
        "bluffPlausibilityGate": 0.6515418126228568,
        "bullThreshold": 0,
        "trustMultiplier": 0.8740169365271034,
        "noiseBand": 0.09125059747888739,
        "riskTolerance": 0,
        "lastChanceBluffRate": 0.1484922849094734,
        "bullPhaseRaiseRate": 0.6475397769086875,
        "openingBluffRate": 0.8690319401689814
      },
      "origin": "mutant-of-child-4713",
      "generation": 112
    },
    {
      "id": "hof-4793",
      "config": {
        "bluffFrequency": 1.6970040221471794,
        "aggressionBias": 0.9666297579068657,
        "bluffPlausibilityGate": 0.7586989360846375,
        "bullThreshold": 0.13641397282395157,
        "trustMultiplier": 0.8082727704889082,
        "noiseBand": 0.060371684802638964,
        "riskTolerance": 0.35200270053254334,
        "lastChanceBluffRate": 0,
        "bullPhaseRaiseRate": 0.9452396205754487,
        "openingBluffRate": 0.5887634960164507
      },
      "origin": "mutant-of-cross-4711",
      "generation": 112
    },
    {
      "id": "hof-4834",
      "config": {
        "bluffFrequency": 1.5529307000110026,
        "aggressionBias": 1,
        "bluffPlausibilityGate": 0.7839756668228266,
        "bullThreshold": 0.02068508691720012,
        "trustMultiplier": 0.9001096396141464,
        "noiseBand": 0.0901885868371662,
        "riskTolerance": 0.19231419890022175,
        "lastChanceBluffRate": 0.17128062030260505,
        "bullPhaseRaiseRate": 1,
        "openingBluffRate": 0.812967187386791
      },
      "origin": "cross-child-4770-child-4780",
      "generation": 113
    },
    {
      "id": "hof-4835",
      "config": {
        "bluffFrequency": 1.567193336877993,
        "aggressionBias": 1,
        "bluffPlausibilityGate": 0.5847779708147183,
        "bullThreshold": 0.1362192636270272,
        "trustMultiplier": 0.7656650564568429,
        "noiseBand": 0.05920800147207682,
        "riskTolerance": 0.17742968137191278,
        "lastChanceBluffRate": 0.07884956199070907,
        "bullPhaseRaiseRate": 0.9759722149639167,
        "openingBluffRate": 0.4977320067018203
      },
      "origin": "mutant-of-child-4760",
      "generation": 113
    },
    {
      "id": "hof-4876",
      "config": {
        "bluffFrequency": 1.7226745689752823,
        "aggressionBias": 0.8019561468922712,
        "bluffPlausibilityGate": 0.4034267122231615,
        "bullThreshold": 0,
        "trustMultiplier": 0.8353075214874415,
        "noiseBand": 0.07884958239120363,
        "riskTolerance": 0,
        "lastChanceBluffRate": 0.047265460699048654,
        "bullPhaseRaiseRate": 0.8558309940424492,
        "openingBluffRate": 0.8280858097291323
      },
      "origin": "mutant-of-cross-4825",
      "generation": 114
    },
    {
      "id": "hof-4877",
      "config": {
        "bluffFrequency": 1.9043559875504594,
        "aggressionBias": 0.9818933483607406,
        "bluffPlausibilityGate": 0.4044565718344354,
        "bullThreshold": 0.03338273195655114,
        "trustMultiplier": 0.8204204219378547,
        "noiseBand": 0.05126038677984503,
        "riskTolerance": 0,
        "lastChanceBluffRate": 0.1628443032952184,
        "bullPhaseRaiseRate": 0.7784818740142952,
        "openingBluffRate": 0.8508559435434504
      },
      "origin": "cross-child-4805-elite-4794",
      "generation": 114
    },
    {
      "id": "hof-4878",
      "config": {
        "bluffFrequency": 1.765961409338207,
        "aggressionBias": 0.9684166331840917,
        "bluffPlausibilityGate": 0.3707437686660048,
        "bullThreshold": 0.008263872433368145,
        "trustMultiplier": 1.151932736838857,
        "noiseBand": 0.1096974355095132,
        "riskTolerance": 0,
        "lastChanceBluffRate": 0.14151296014743864,
        "bullPhaseRaiseRate": 0.797613164143772,
        "openingBluffRate": 0.5575806405485796
      },
      "origin": "cross-cross-4807-child-4809",
      "generation": 114
    },
    {
      "id": "hof-4919",
      "config": {
        "bluffFrequency": 1.5967971020493268,
        "aggressionBias": 0.8451701444701716,
        "bluffPlausibilityGate": 0.7586989360846375,
        "bullThreshold": 0.2303339875086302,
        "trustMultiplier": 1.2084399942254098,
        "noiseBand": 0.060371684802638964,
        "riskTolerance": 0.2305796700231778,
        "lastChanceBluffRate": 0.044708588181807354,
        "bullPhaseRaiseRate": 0.8475826585916922,
        "openingBluffRate": 0.6173831304993588
      },
      "origin": "mutant-of-child-4872",
      "generation": 115
    },
    {
      "id": "hof-4920",
      "config": {
        "bluffFrequency": 1.6380865534262143,
        "aggressionBias": 0.9685978330744124,
        "bluffPlausibilityGate": 0.3261435174379425,
        "bullThreshold": 0.003733178577769322,
        "trustMultiplier": 0.8418219758709117,
        "noiseBand": 0.05261618000223054,
        "riskTolerance": 0,
        "lastChanceBluffRate": 0.18840535844689169,
        "bullPhaseRaiseRate": 0.7688299082458573,
        "openingBluffRate": 0.6861985997893324
      },
      "origin": "cross-elite-4836-child-4861",
      "generation": 115
    },
    {
      "id": "hof-4921",
      "config": {
        "bluffFrequency": 1.7788514433074998,
        "aggressionBias": 0.8019561468922712,
        "bluffPlausibilityGate": 0.30824365400115844,
        "bullThreshold": 0.04096604174016318,
        "trustMultiplier": 0.8324384458500749,
        "noiseBand": 0.08494491262189631,
        "riskTolerance": 0.0034898316964675534,
        "lastChanceBluffRate": 0.10311866502140875,
        "bullPhaseRaiseRate": 0.8558309940424492,
        "openingBluffRate": 0.7555485345380358
      },
      "origin": "mutant-of-child-4853",
      "generation": 115
    },
    {
      "id": "hof-4962",
      "config": {
        "bluffFrequency": 1.4505925006358407,
        "aggressionBias": 1,
        "bluffPlausibilityGate": 0.9396225643321025,
        "bullThreshold": 0.010556528319720648,
        "trustMultiplier": 0.6390421389252718,
        "noiseBand": 0.08633417464703201,
        "riskTolerance": 0.4349796657914615,
        "lastChanceBluffRate": 0.03471512072691271,
        "bullPhaseRaiseRate": 0.7969310536551306,
        "openingBluffRate": 0.7247353576652076
      },
      "origin": "cross-cross-4898-child-4888",
      "generation": 116
    },
    {
      "id": "hof-4963",