{
  "exportedAt": "2026-03-10T10:20:11.647Z",
  "interrupted": false,
  "generations": 120,
  "targetGenerations": 120,
  "populationSize": 40,
  "gamesPerMatchup": 80,
  "playersPerGame": 2,
  "maxCards": 5,
  "bestPopWinRate": 0.5237179487179487,
  "bestWinRate": 0.5378034188034188,
  "totalGames": 13828320,
  "durationMs": 3006814.855581,
  "config": {
    "bluffFrequency": 0,
    "aggressionBias": 0.4405307848680402,
    "bluffPlausibilityGate": 0.5431937343991879,
    "bullThreshold": 0.13249051344505952,
    "trustMultiplier": 0.1726772964709173,
    "noiseBand": 0.1624883336959834,
    "riskTolerance": 0.6853992212417416,
    "lastChanceBluffRate": 1,
    "bullPhaseRaiseRate": 0.10003991256622116,
    "openingBluffRate": 1
  },
  "origin": "cross-child-3273-elite-3260",
  "bestBenchWinRate": 0.4885,
  "hofSize": 25,
  "bestProfileWinRate": 0.5097222222222222,
  "hallOfFame": [
    {
      "id": "hof-4756",
      "config": {
        "bluffFrequency": 0.07905620506453953,
        "aggressionBias": 0.3872347699974622,
        "bluffPlausibilityGate": 0.952290268799718,
        "bullThreshold": 0,
        "trustMultiplier": 0.4374141190488303,
        "noiseBand": 0.2,
        "riskTolerance": 0.09027551995103134,
        "lastChanceBluffRate": 1,
        "bullPhaseRaiseRate": 0.09578011972802623,
        "openingBluffRate": 0.03861817210117802
      },
      "origin": "mutant-of-child-4707",
      "generation": 111
    },
    {
      "id": "hof-4757",
      "config": {
        "bluffFrequency": 0,
        "aggressionBias": 0.08477636573003197,
        "bluffPlausibilityGate": 0.8701356237742162,
        "bullThreshold": 0.1855885036084786,
        "trustMultiplier": 0.4220463571979628,
        "noiseBand": 0.15901925268777325,
        "riskTolerance": 0.28744592685599274,
        "lastChanceBluffRate": 0.9565221577425488,
        "bullPhaseRaiseRate": 0.10327215013620245,
        "openingBluffRate": 0.32567938502881827
      },
      "origin": "cross-child-4702-child-4677",
      "generation": 111
    },
    {
      "id": "hof-4798",
      "config": {
        "bluffFrequency": 0.03556233589043621,
        "aggressionBias": 0.04446673160841798,
        "bluffPlausibilityGate": 0.6565260948397975,
        "bullThreshold": 0.05796662378311095,
        "trustMultiplier": 0.5150090493802265,
        "noiseBand": 0.16280327735380462,
        "riskTolerance": 0.1515607673900965,
        "lastChanceBluffRate": 1,
        "bullPhaseRaiseRate": 0.0831861326977153,
        "openingBluffRate": 0.6080308700943471
      },
      "origin": "cross-elite-4717-child-4738",
      "generation": 112
    },
    {
      "id": "hof-4799",
      "config": {
        "bluffFrequency": 0.07905620506453953,
        "aggressionBias": 0.3421836013551981,
        "bluffPlausibilityGate": 0.8355139926577957,
        "bullThreshold": 0,
        "trustMultiplier": 0.360002088795076,
        "noiseBand": 0.1890471692326713,
        "riskTolerance": 0.33469121735816065,
        "lastChanceBluffRate": 0.9102199401474901,
        "bullPhaseRaiseRate": 0,
        "openingBluffRate": 0.16263095053688623
      },
      "origin": "mutant-of-child-4726",
      "generation": 112
    },
    {
      "id": "hof-4840",
      "config": {
        "bluffFrequency": 0.39420143409146274,
        "aggressionBias": 0.37201757718871625,
        "bluffPlausibilityGate": 1,
        "bullThreshold": 0.033903203563287874,
        "trustMultiplier": 0.3786107692647183,
        "noiseBand": 0.19709353136878438,
        "riskTolerance": 0,
        "lastChanceBluffRate": 1,
        "bullPhaseRaiseRate": 0.14451210415047575,
        "openingBluffRate": 0.032072750604130056
      },
      "origin": "cross-child-4764-child-4794",
      "generation": 113
    },
    {
      "id": "hof-4841",
      "config": {
        "bluffFrequency": 0,
        "aggressionBias": 0.5052053986193952,
        "bluffPlausibilityGate": 0.8645007195787971,
        "bullThreshold": 0.01538091580204297,
        "trustMultiplier": 0.3170415769070286,
        "noiseBand": 0.19594516745776938,
        "riskTolerance": 0.1289616942351368,
        "lastChanceBluffRate": 1,
        "bullPhaseRaiseRate": 0.19405728170672615,
        "openingBluffRate": 0.04891944342909722
      },
      "origin": "mutant-of-elite-4758",
      "generation": 113
    },
    {
      "id": "hof-4882",
      "config": {
        "bluffFrequency": 0.1520565261300272,
        "aggressionBias": 0.4154135047874403,
        "bluffPlausibilityGate": 0.7210507496298978,
        "bullThreshold": 0,
        "trustMultiplier": 0.470702014889126,
        "noiseBand": 0.2,
        "riskTolerance": 0.3527106610846591,
        "lastChanceBluffRate": 1,
        "bullPhaseRaiseRate": 0.26591985906450455,
        "openingBluffRate": 0.19845063641364885
      },
      "origin": "mutant-of-cross-4806",
      "generation": 114
    },
    {
      "id": "hof-4883",
      "config": {
        "bluffFrequency": 0.39420143409146274,
        "aggressionBias": 0.24879739734733322,
        "bluffPlausibilityGate": 1,
        "bullThreshold": 0,
        "trustMultiplier": 0.5871152436718249,
        "noiseBand": 0.2,
        "riskTolerance": 0.12395642611639847,
        "lastChanceBluffRate": 1,
        "bullPhaseRaiseRate": 0.23454443824750648,
        "openingBluffRate": 0.09262003344896881
      },
      "origin": "mutant-of-cross-4805",
      "generation": 114
    },
    {
      "id": "hof-4884",
      "config": {
        "bluffFrequency": 0.14501738255570976,
        "aggressionBias": 0.16826642407274256,
        "bluffPlausibilityGate": 0.9799529465055554,
        "bullThreshold": 0,
        "trustMultiplier": 0.20077006769499584,
        "noiseBand": 0.1724552927789792,
        "riskTolerance": 0.06674124513103755,
        "lastChanceBluffRate": 1,
        "bullPhaseRaiseRate": 0.17922265151151395,
        "openingBluffRate": 0.04891944342909722
      },
      "origin": "cross-child-4839-child-4816",
      "generation": 114
    },
    {
      "id": "hof-4925",
      "config": {
        "bluffFrequency": 0.14504809032858149,
        "aggressionBias": 0.30070353651273385,
        "bluffPlausibilityGate": 0.9990927307227769,
        "bullThreshold": 0.17235776370102746,
        "trustMultiplier": 0.03382141873521493,
        "noiseBand": 0.15610517950122177,
        "riskTolerance": 0.2625159398969528,
        "lastChanceBluffRate": 1,
        "bullPhaseRaiseRate": 0.4004462597497681,
        "openingBluffRate": 0
      },
      "origin": "mutant-of-child-4847",
      "generation": 115
    },
    {
      "id": "hof-4926",
      "config": {
        "bluffFrequency": 0,
        "aggressionBias": 0.07221109264690147,
        "bluffPlausibilityGate": 0.5951598632752209,
        "bullThreshold": 0.05924590205428098,
        "trustMultiplier": 0.38316101738523295,
        "noiseBand": 0.16627501131103944,
        "riskTolerance": 0.3641341561739695,
        "lastChanceBluffRate": 1,
        "bullPhaseRaiseRate": 0.21516348642057065,
        "openingBluffRate": 0.2051100069561394
      },
      "origin": "mutant-of-child-4854",
      "generation": 115
    },
    {
      "id": "hof-4967",
      "config": {
        "bluffFrequency": 0.33803656135827126,
        "aggressionBias": 0.30070353651273385,
        "bluffPlausibilityGate": 0.9918214366188948,
        "bullThreshold": 0.09870421721361357,
        "trustMultiplier": 0.03382141873521493,
        "noiseBand": 0.16236506340882267,
        "riskTolerance": 0.39766293235089395,
        "lastChanceBluffRate": 0.9295640815963685,
        "bullPhaseRaiseRate": 0.1270381305546375,
        "openingBluffRate": 0.10099692220651925
      },
      "origin": "cross-child-4917-child-4919",
      "generation": 116
    },
    {
      "id": "hof-4968",
      "config": {
        "bluffFrequency": 0,
        "aggressionBias": 0.3029490620556528,
        "bluffPlausibilityGate": 0.9831538976598377,
        "bullThreshold": 0.20247482185980728,