{
  "exportedAt": "2026-03-10T09:56:17.907Z",
  "interrupted": false,
  "generations": 120,
  "targetGenerations": 120,
  "populationSize": 40,
  "gamesPerMatchup": 80,
  "playersPerGame": 6,
  "maxCards": 5,
  "bestPopWinRate": 0.32142857142857145,
  "bestWinRate": 0.42014761904761905,
  "totalGames": 6404400,
  "durationMs": 1572136.056632,
  "config": {
    "bluffFrequency": 2,
    "aggressionBias": 0.6813241194732991,
    "bluffPlausibilityGate": 0.21376342817659416,
    "bullThreshold": 0.0814166354264065,
    "trustMultiplier": 2,
    "noiseBand": 0.05565268101149945,
    "riskTolerance": 0.2724469300086423,
    "lastChanceBluffRate": 0.27527211447134037,
    "bullPhaseRaiseRate": 1,
    "openingBluffRate": 0.46761641845816876
  },
  "origin": "mutant-of-child-928",
  "bestBenchWinRate": 0.4925,
  "hofSize": 25,
  "bestProfileWinRate": 0.5041666666666667,
  "hallOfFame": [
    {
      "id": "hof-4797",
      "config": {
        "bluffFrequency": 2,
        "aggressionBias": 0.8790944205480794,
        "bluffPlausibilityGate": 0.17186318079151622,
        "bullThreshold": 0.7389847827912543,
        "trustMultiplier": 1.9252879593540815,
        "noiseBand": 0.1987754476349839,
        "riskTolerance": 0.25917079509897323,
        "lastChanceBluffRate": 0.8462997903560908,
        "bullPhaseRaiseRate": 0.9489181652252858,
        "openingBluffRate": 0.4375182271737874
      },
      "origin": "cross-child-4729-child-4725",
      "generation": 112
    },
    {
      "id": "hof-4838",
      "config": {
        "bluffFrequency": 1.8644823577126988,
        "aggressionBias": 0.9405941401227277,
        "bluffPlausibilityGate": 0.9075054529888525,
        "bullThreshold": 0.19862021716931988,
        "trustMultiplier": 2,
        "noiseBand": 0.2,
        "riskTolerance": 0.1759541760326951,
        "lastChanceBluffRate": 0.3929171657064088,
        "bullPhaseRaiseRate": 0.9296304217673053,
        "openingBluffRate": 0.33617343963200563
      },
      "origin": "mutant-of-cross-4782",
      "generation": 113
    },
    {
      "id": "hof-4839",
      "config": {
        "bluffFrequency": 1.771887731462511,
        "aggressionBias": 0.9845599823567481,
        "bluffPlausibilityGate": 0.9262021309832987,
        "bullThreshold": 0.09129806534607757,
        "trustMultiplier": 2,
        "noiseBand": 0.18155690191929733,
        "riskTolerance": 0,
        "lastChanceBluffRate": 0.2952615455673574,
        "bullPhaseRaiseRate": 0.9579274579539944,
        "openingBluffRate": 0.5216991338256268
      },
      "origin": "cross-child-4770-cross-4782",
      "generation": 113
    },
    {
      "id": "hof-4840",
      "config": {
        "bluffFrequency": 1.8850827220607995,
        "aggressionBias": 0.9038451671941139,
        "bluffPlausibilityGate": 0.2735596763270465,
        "bullThreshold": 0.16233514379430666,
        "trustMultiplier": 1.7419558067053482,
        "noiseBand": 0.18841555567646046,
        "riskTolerance": 0.05762703125631433,
        "lastChanceBluffRate": 0.21612170734584904,
        "bullPhaseRaiseRate": 1,
        "openingBluffRate": 0.4426141673332731
      },
      "origin": "cross-child-4765-child-4783",
      "generation": 113
    },
    {
      "id": "hof-4881",
      "config": {
        "bluffFrequency": 2,
        "aggressionBias": 0.9027073887476019,
        "bluffPlausibilityGate": 0.21978069043546025,
        "bullThreshold": 0.012915701045450145,
        "trustMultiplier": 1.9160395275525695,
        "noiseBand": 0.2,
        "riskTolerance": 0.6353466113413689,
        "lastChanceBluffRate": 0.2617115573834841,
        "bullPhaseRaiseRate": 0.7652766403558262,
        "openingBluffRate": 0.4882322173142
      },
      "origin": "mutant-of-cross-4819",
      "generation": 114
    },
    {
      "id": "hof-4882",
      "config": {
        "bluffFrequency": 2,
        "aggressionBias": 0.8096252709354886,
        "bluffPlausibilityGate": 0.19716528635875408,
        "bullThreshold": 0.23590180937531244,
        "trustMultiplier": 1.849186512146744,
        "noiseBand": 0.18841555567646046,
        "riskTolerance": 0.0153380689583483,
        "lastChanceBluffRate": 0.7663537415209153,
        "bullPhaseRaiseRate": 0.9892596115677678,
        "openingBluffRate": 0.4956325531787673
      },
      "origin": "cross-cross-4806-child-4803",
      "generation": 114
    },
    {
      "id": "hof-4883",
      "config": {
        "bluffFrequency": 1.7061973708119003,
        "aggressionBias": 0.8256102498607881,
        "bluffPlausibilityGate": 1,
        "bullThreshold": 0.46212904015821643,
        "trustMultiplier": 1.9327998148113827,
        "noiseBand": 0.1642082872378168,
        "riskTolerance": 0.11392464146530716,
        "lastChanceBluffRate": 0.4019318253284172,
        "bullPhaseRaiseRate": 0.9448948287743814,
        "openingBluffRate": 0.4887233029630713
      },
      "origin": "mutant-of-child-4834",
      "generation": 114
    },
    {
      "id": "hof-4924",
      "config": {
        "bluffFrequency": 1.8850827220607995,
        "aggressionBias": 0.9038451671941139,
        "bluffPlausibilityGate": 0.2735596763270465,
        "bullThreshold": 0.15159188401001547,
        "trustMultiplier": 1.6659353666125079,
        "noiseBand": 0.19929618122939385,
        "riskTolerance": 0.04098841060202672,
        "lastChanceBluffRate": 0.2896313160155525,
        "bullPhaseRaiseRate": 1,
        "openingBluffRate": 0.44933756278588033
      },
      "origin": "mutant-of-elite-4843",
      "generation": 115
    },
    {
      "id": "hof-4925",
      "config": {
        "bluffFrequency": 1.7607858201411968,
        "aggressionBias": 0.8062550892019155,
        "bluffPlausibilityGate": 0.2219327716232888,
        "bullThreshold": 0.02635643747427155,
        "trustMultiplier": 1.847576654301161,
        "noiseBand": 0.17681556443051688,
        "riskTolerance": 0.0327674402470114,
        "lastChanceBluffRate": 0.26398687854791497,
        "bullPhaseRaiseRate": 1,
        "openingBluffRate": 0.5480609931348033
      },
      "origin": "mutant-of-elite-4843",
      "generation": 115
    },
    {
      "id": "hof-4926",
      "config": {
        "bluffFrequency": 1.8491317689537323,
        "aggressionBias": 0.8731685834695126,
        "bluffPlausibilityGate": 0.3260847309119078,
        "bullThreshold": 0.4093772320150573,
        "trustMultiplier": 1.4978313402967633,
        "noiseBand": 0.2,
        "riskTolerance": 0.2953401745644051,
        "lastChanceBluffRate": 0.21156589904231946,
        "bullPhaseRaiseRate": 0.9452681539978246,
        "openingBluffRate": 0.5299585151464161
      },
      "origin": "mutant-of-child-4878",
      "generation": 115
    },
    {
      "id": "hof-4967",
      "config": {
        "bluffFrequency": 1.8349069548401322,
        "aggressionBias": 0.878160743063644,
        "bluffPlausibilityGate": 1,
        "bullThreshold": 0.46212904015821643,
        "trustMultiplier": 2,
        "noiseBand": 0.16812036758728377,
        "riskTolerance": 0.1605235362887294,
        "lastChanceBluffRate": 0.4124607408214219,
        "bullPhaseRaiseRate": 0.9448948287743814,
        "openingBluffRate": 0.5067210030604344
      },
      "origin": "cross-elite-4886-child-4887",
      "generation": 116
    },
    {
      "id": "hof-4968",
      "config": {
        "bluffFrequency": 2,
        "aggressionBias": 0.9347328708744833,
        "bluffPlausibilityGate": 0.939291926710098,
        "bullThreshold": 0.15159188401001547,
        "trustMultiplier": 1.9736462106197297,
        "noiseBand": 0.1976742057604597,
        "riskTolerance": 0.03800302019959633,
        "lastChanceBluffRate": 0.36335190184932104,
        "bullPhaseRaiseRate": 0.8161384453911803,
        "openingBluffRate": 0.5748364316776767
      },
      "origin": "cross-child-4910-child-4905",
      "generation": 116
    },
    {
      "id": "hof-4969",
      "config": {
        "bluffFrequency": 1.7503739580302438,